<GuiXml>
    <Controls>
		<TopLevelControl name="GoldDetailedTracker" mouseEnabled="true" movable="true" clampedToScreen="false">
            <Dimensions x="800" y="400" />
            <Anchor point="TOPLEFT" offsetX="400" offsetY="65">
				
			</Anchor>
			
			<Controls>
				<Label name="goldDetails" font="ZoFontWindowTitle" color="CFDCBD" wrapMode="ELLIPSIS" verticalAlignment="TOPLEFT" text="Test">
					<AnchorFill/>
				</Label>
			</Controls>
		</TopLevelControl>
	</Controls>
</GuiXml>