<GuiXml>
    <Controls>
        <TopLevelControl name="GoldTracker" mouseEnabled="true" movable="true" clampedToScreen="false">
            <Dimensions x="400" y="200" />
            <Anchor point="TOPLEFT" offsetX="35" offsetY="65">
				
			</Anchor>



            <Controls>

                <Label name="gold" font="ZoFontWindowTitle" color="CFDCBD" wrapMode="ELLIPSIS" verticalAlignment="TOPLEFT" text="">
                    <AnchorFill />
                </Label>
            </Controls>
        </TopLevelControl>
		
		
		
    </Controls>
	
</GuiXml>
