<GuiXml>
    <Controls>
        <TopLevelControl name="GoldTracker" mouseEnabled="true" movable="true" clampedToScreen="false">
            <Dimensions x="300" y="200" />
            <Anchor point="TOPLEFT" offsetX="5" offsetY="80">
				
			</Anchor>



            <Controls>

                <Label name="gold" font="ZoFontWindowTitle" color="CFDCBD" wrapMode="ELLIPSIS" verticalAlignment="TOPLEFT" text="">
                    <AnchorFill />
                </Label>
            </Controls>
        </TopLevelControl>
    </Controls>
</GuiXml>
